lon,lat,soc
-81.05999999999996,38.45,1103
-80.95999999999991,38.45,1489
-80.9499999999999,38.45,1733
-80.9299999999999,38.45,1619
-80.88999999999987,38.45,1328
-80.9399999999999,38.440000000000005,1490
-80.96999999999991,38.42000000000001,1810
-80.9499999999999,38.42000000000001,1764
-80.9399999999999,38.42000000000001,1664
-80.9299999999999,38.42000000000001,1600
-80.91999999999989,38.42000000000001,1843
-80.89999999999988,38.42000000000001,1939
-80.87999999999987,38.42000000000001,1606
-80.85999999999986,38.42000000000001,1887
-81.15,38.41000000000001,1650
-81.14,38.41000000000001,1651
-81.13,38.41000000000001,1483
-81.11999999999999,38.41000000000001,1248
-81.10999999999999,38.41000000000001,1203
-81.09999999999998,38.41000000000001,1405
-81.04999999999995,38.41000000000001,1394
-81.01999999999994,38.41000000000001,1341
-81.00999999999993,38.41000000000001,1607
-80.97999999999992,38.41000000000001,1947
-80.96999999999991,38.41000000000001,1941
-80.86999999999986,38.41000000000001,1496
-81.09999999999998,38.40000000000001,1535
-81.00999999999993,38.390000000000015,1294
-80.98999999999992,38.390000000000015,1523
-81.15,38.38000000000002,1552
-81.07999999999997,38.38000000000002,1340
-80.95999999999991,38.38000000000002,1579
-80.88999999999987,38.38000000000002,1809
-80.85999999999986,38.38000000000002,2310
-81.15,38.37000000000002,1623
-81.14,38.37000000000002,1592
-80.9499999999999,38.37000000000002,1380
-80.9399999999999,38.37000000000002,1358
-80.9299999999999,38.37000000000002,1335
-80.91999999999989,38.37000000000002,1922
-80.90999999999988,38.37000000000002,1875
-80.89999999999988,38.37000000000002,1824
-80.85999999999986,38.37000000000002,2200
-81.14,38.36000000000002,1380
-81.13,38.36000000000002,1596
-81.11999999999999,38.36000000000002,1433
-81.10999999999999,38.36000000000002,1577
-81.09999999999998,38.36000000000002,1422
-81.08999999999997,38.36000000000002,1041
-81.07999999999997,38.36000000000002,1053
-81.06999999999996,38.36000000000002,1071
-81.04999999999995,38.36000000000002,1274
-81.03999999999995,38.36000000000002,1236
-81.01999999999994,38.36000000000002,1273
-80.97999999999992,38.36000000000002,1394
-80.9499999999999,38.36000000000002,1450
-80.9399999999999,38.36000000000002,1439
-80.87999999999987,38.36000000000002,1966
-81.11999999999999,38.35000000000002,1691
-81.14,38.340000000000025,1224
-81.10999999999999,38.340000000000025,1802
-81.03999999999995,38.340000000000025,1206
-80.96999999999991,38.340000000000025,1422
-81.14,38.32000000000003,1433
-81.10999999999999,38.32000000000003,2020
-80.95999999999991,38.32000000000003,1327
-80.9499999999999,38.32000000000003,1505
-80.9399999999999,38.32000000000003,1390
-80.91999999999989,38.32000000000003,1929
-80.89999999999988,38.32000000000003,1904
-80.88999999999987,38.32000000000003,2091
-80.87999999999987,38.32000000000003,1784
-80.86999999999986,38.32000000000003,1910
-81.13,38.31000000000003,1412
-81.10999999999999,38.31000000000003,1769
-81.09999999999998,38.31000000000003,1727
-81.08999999999997,38.31000000000003,1352
-81.07999999999997,38.31000000000003,1516
-81.05999999999996,38.31000000000003,1089
-81.04999999999995,38.31000000000003,1211
-81.03999999999995,38.31000000000003,1380
-81.02999999999994,38.31000000000003,1264
-81.01999999999994,38.31000000000003,1208
-80.96999999999991,38.31000000000003,1365
-80.9399999999999,38.31000000000003,1312
-80.9299999999999,38.31000000000003,1345
-80.91999999999989,38.31000000000003,1829
-81.08999999999997,38.30000000000003,1315
-80.90999999999988,38.30000000000003,1542
-80.89999999999988,38.30000000000003,1562
-81.04999999999995,38.290000000000035,1311
-81.15,38.27000000000004,1186
-81.00999999999993,38.27000000000004,1235
-80.99999999999993,38.27000000000004,1156
-80.97999999999992,38.27000000000004,1544
-80.96999999999991,38.27000000000004,1881
-80.9499999999999,38.27000000000004,1895
-80.9399999999999,38.27000000000004,1957
-80.91999999999989,38.27000000000004,1515
-80.90999999999988,38.27000000000004,1583
-80.89999999999988,38.27000000000004,1553
-80.87999999999987,38.27000000000004,1678
-80.86999999999986,38.27000000000004,2175
-80.85999999999986,38.27000000000004,1590
-81.15,38.26000000000004,1141
-81.14,38.26000000000004,1543
-81.10999999999999,38.26000000000004,1257
-81.09999999999998,38.26000000000004,1394
-81.05999999999996,38.26000000000004,1467
-81.03999999999995,38.26000000000004,1432
-81.02999999999994,38.26000000000004,1764
-81.01999999999994,38.26000000000004,1154
-81.00999999999993,38.26000000000004,1298
-80.99999999999993,38.26000000000004,1366
-80.9499999999999,38.26000000000004,2164
-81.06999999999996,38.25000000000004,1899
-81.04999999999995,38.25000000000004,1463
-80.9499999999999,38.240000000000045,-9999
-80.89999999999988,38.240000000000045,1828
-80.88999999999987,38.240000000000045,2086
-80.86999999999986,38.240000000000045,1828
-81.15,38.23000000000005,1108
-80.9299999999999,38.23000000000005,1099
-80.88999999999987,38.23000000000005,-9999
-80.86999999999986,38.23000000000005,1873
-80.85999999999986,38.23000000000005,1982
-81.15,38.22000000000005,1152
-81.14,38.22000000000005,1402
-81.11999999999999,38.22000000000005,1223
-81.08999999999997,38.22000000000005,1530
-81.06999999999996,38.22000000000005,1816
-81.05999999999996,38.22000000000005,1184
-81.04999999999995,38.22000000000005,1148
-81.01999999999994,38.22000000000005,1565
-81.00999999999993,38.22000000000005,1434
-80.98999999999992,38.22000000000005,1548
-80.95999999999991,38.22000000000005,1839
-80.9399999999999,38.22000000000005,1397
-80.9299999999999,38.22000000000005,1414
-80.88999999999987,38.22000000000005,1319
-81.14,38.21000000000005,1231
-81.10999999999999,38.21000000000005,1178
-81.04999999999995,38.21000000000005,1071
-81.00999999999993,38.21000000000005,1409
-80.98999999999992,38.21000000000005,1563
-80.95999999999991,38.21000000000005,1490
-80.9499999999999,38.21000000000005,1484
-80.9299999999999,38.21000000000005,2232
-80.91999999999989,38.21000000000005,1965
-80.90999999999988,38.21000000000005,1661
-80.89999999999988,38.21000000000005,1784
-80.85999999999986,38.21000000000005,1712
