EntryID,Title,EntryType,Category,ProjectApplicability,CoverageLevel,CoverageGroup,ISO3,Admin1Name,Admin1Code,Admin2Name,Admin2Code,Authority,SourceTitle,SourceURL,SourceType,DirectDownloadURL,DirectDownloadFileName,DirectDownloadContentType,FilingCategory,Status,EffectiveDate,LastAmendedDate,LastVerifiedDate,Language,Notes,RelatedEntryIDs
EU_EIA_DIR_2011_92,Directive 2011/92/EU on the assessment of the effects of certain public and private projects on the environment (EIA Directive),directive,environmental_assessment,"onshore,offshore,construction",supranational,EU,,,,,,European Parliament and Council of the European Union,EUR-Lex: Directive 2011/92/EU,https://eur-lex.europa.eu/eli/dir/2011/92/oj,eu_law,https://eur-lex.europa.eu/legal-content/EN/TXT/PDF/?uri=CELEX:32011L0092,EIA_Directive_2011_92_EU.pdf,application/pdf,supranational,in_force,2011-12-15,2014-04-16,2026-01-16,EN,Core EU EIA framework (transposed in member states). Annex I item 16 lists large-diameter pipelines (>800 mm and >40 km) as mandatory EIA projects; other pipelines may require screening.,"EU_EIA_DIR_2014_52,EU_WFD_DIR_2000_60,EU_HABITATS_DIR_92_43"
EU_EIA_DIR_2014_52,Directive 2014/52/EU amending Directive 2011/92/EU (EIA Directive amendment),directive,environmental_assessment,"onshore,offshore,construction",supranational,EU,,,,,,European Parliament and Council of the European Union,EUR-Lex: Directive 2014/52/EU,https://eur-lex.europa.eu/eli/dir/2014/52/oj,eu_law,https://eur-lex.europa.eu/legal-content/EN/TXT/PDF/?uri=CELEX:32014L0052,EIA_Amendment_2014_52_EU.pdf,application/pdf,supranational,in_force,2014-04-16,,2026-01-16,EN,"Key amendments to EIA requirements (screening, scoping, quality control).",EU_EIA_DIR_2011_92
EU_HABITATS_DIR_92_43,Council Directive 92/43/EEC on the conservation of natural habitats and of wild fauna and flora (Habitats Directive),directive,protected_areas,"onshore,offshore,construction",supranational,EU,,,,,,Council of the European Communities,EUR-Lex: Directive 92/43/EEC,https://eur-lex.europa.eu/eli/dir/1992/43/oj,eu_law,https://eur-lex.europa.eu/legal-content/EN/TXT/PDF/?uri=CELEX:31992L0043,Habitats_Directive_92_43_EEC.pdf,application/pdf,supranational,in_force,1992-05-21,,2026-01-16,EN,Natura 2000 / protected habitats constraints; can require Appropriate Assessment and routing alternatives.,EU_BIRDS_DIR_2009_147
EU_BIRDS_DIR_2009_147,Directive 2009/147/EC on the conservation of wild birds (Birds Directive),directive,protected_areas,"onshore,offshore,construction",supranational,EU,,,,,,European Parliament and Council of the European Union,EUR-Lex: Directive 2009/147/EC,https://eur-lex.europa.eu/eli/dir/2009/147/oj,eu_law,https://eur-lex.europa.eu/legal-content/EN/TXT/PDF/?uri=CELEX:32009L0147,Birds_Directive_2009_147_EC.pdf,application/pdf,supranational,in_force,2009-11-30,,2026-01-16,EN,Special Protection Areas and seasonal constraints can materially affect pipeline routing and timing.,EU_HABITATS_DIR_92_43
EU_WFD_DIR_2000_60,Directive 2000/60/EC establishing a framework for Community action in the field of water policy (Water Framework Directive),directive,water_crossings,"onshore,construction",supranational,EU,,,,,,European Parliament and Council of the European Union,EUR-Lex: Directive 2000/60/EC,https://eur-lex.europa.eu/eli/dir/2000/60/oj,eu_law,https://eur-lex.europa.eu/legal-content/EN/TXT/PDF/?uri=CELEX:32000L0060,Water_Framework_Directive_2000_60_EC.pdf,application/pdf,supranational,in_force,2000-10-23,,2026-01-16,EN,"Key driver for waterbody protections, river crossing conditions, and groundwater safeguards.",EU_GROUNDWATER_DIR_2006_118
EU_GROUNDWATER_DIR_2006_118,Directive 2006/118/EC on the protection of groundwater against pollution and deterioration (Groundwater Directive),directive,water_crossings,"onshore,construction,operations",supranational,EU,,,,,,European Parliament and Council of the European Union,EUR-Lex: Directive 2006/118/EC,https://eur-lex.europa.eu/eli/dir/2006/118/oj,eu_law,https://eur-lex.europa.eu/legal-content/EN/TXT/PDF/?uri=CELEX:32006L0118,Groundwater_Directive_2006_118_EC.pdf,application/pdf,supranational,in_force,2006-12-12,,2026-01-16,EN,Groundwater vulnerability/protection zones can constrain routing and construction methods.,EU_WFD_DIR_2000_60
EU_SEVESO_III_DIR_2012_18,Directive 2012/18/EU on the control of major-accident hazards involving dangerous substances (Seveso III),directive,hazmat,"onshore,construction,operations",supranational,EU,,,,,,European Parliament and Council of the European Union,EUR-Lex: Directive 2012/18/EU,https://eur-lex.europa.eu/eli/dir/2012/18/oj,eu_law,https://eur-lex.europa.eu/legal-content/EN/TXT/PDF/?uri=CELEX:32012L0018,Seveso_III_Directive_2012_18_EU.pdf,application/pdf,supranational,in_force,2012-07-04,,2026-01-16,EN,Major accident hazard rules may apply to stations/terminals and influence safety distances and reporting.,
EU_OFFSHORE_SAFETY_DIR_2013_30,Directive 2013/30/EU on safety of offshore oil and gas operations (Offshore Safety Directive),directive,pipeline_safety,"offshore,construction,operations",supranational,EU,,,,,,European Parliament and Council of the European Union,EUR-Lex: Directive 2013/30/EU,https://eur-lex.europa.eu/eli/dir/2013/30/oj,eu_law,https://eur-lex.europa.eu/legal-content/EN/TXT/PDF/?uri=CELEX:32013L0030,Offshore_Safety_Directive_2013_30_EU.pdf,application/pdf,supranational,in_force,2013-06-12,,2026-01-16,EN,Offshore pipelines may be affected via offshore safety case/regulator requirements.,
EU_ATEX_DIR_2014_34,Directive 2014/34/EU on equipment and protective systems intended for use in potentially explosive atmospheres (ATEX),directive,osh,"onshore,offshore,construction,operations",supranational,EU,,,,,,European Parliament and Council of the European Union,EUR-Lex: Directive 2014/34/EU,https://eur-lex.europa.eu/eli/dir/2014/34/oj,eu_law,https://eur-lex.europa.eu/legal-content/EN/TXT/PDF/?uri=CELEX:32014L0034,ATEX_Directive_2014_34_EU.pdf,application/pdf,supranational,in_force,2014-02-26,,2026-01-16,EN,Hazardous area equipment requirements often apply to stations and facilities.,
EU_PRESSURE_EQUIPMENT_DIR_2014_68,Directive 2014/68/EU on the harmonisation of the laws of the Member States relating to the making available on the market of pressure equipment (PED),directive,other,"onshore,offshore,construction",supranational,EU,,,,,,European Parliament and Council of the European Union,EUR-Lex: Directive 2014/68/EU,https://eur-lex.europa.eu/eli/dir/2014/68/oj,eu_law,https://eur-lex.europa.eu/legal-content/EN/TXT/PDF/?uri=CELEX:32014L0068,Pressure_Equipment_Directive_2014_68_EU.pdf,application/pdf,supranational,in_force,2014-05-15,,2026-01-16,EN,Pressure equipment conformity can drive procurement/compliance for stations and components.,
EU_TEN_E_REG_2022_869,Regulation (EU) 2022/869 on guidelines for trans-European energy infrastructure (TEN-E),regulation,land_access,"onshore,offshore,construction",supranational,EU,,,,,,European Parliament and Council of the European Union,EUR-Lex: Regulation (EU) 2022/869,https://eur-lex.europa.eu/eli/reg/2022/869/oj,eu_law,https://eur-lex.europa.eu/legal-content/EN/TXT/PDF/?uri=CELEX:32022R0869,TEN-E_Regulation_2022_869.pdf,application/pdf,supranational,in_force,2022-06-30,,2026-01-16,EN,Framework for PCI and cross-border energy infrastructure permitting. 2022 revision removes oil and gas pipelines from PCI eligibility and shifts focus to renewable gases and hydrogen.,
USA_FED_49CFR_190,49 CFR Part 190 — Pipeline Safety Programs and Rulemaking Procedures,regulation,pipeline_safety,"onshore,offshore,construction,operations",country,,USA,,,,,U.S. Department of Transportation (PHMSA),eCFR: 49 CFR Part 190,https://www.ecfr.gov/current/title-49/subtitle-B/chapter-I/subchapter-A/part-190,regulator_site,,,,national,in_force,,,2026-01-16,EN,Federal pipeline safety program procedures and enforcement context.,
USA_FED_49CFR_191,"49 CFR Part 191 — Transportation of Natural and Other Gas by Pipeline: Annual Reports, Incident Reports, and Safety-Related Condition Reports",regulation,reporting,"onshore,gas,operations",country,,USA,,,,,U.S. Department of Transportation (PHMSA),eCFR: 49 CFR Part 191,https://www.ecfr.gov/current/title-49/subtitle-B/chapter-I/subchapter-D/part-191,regulator_site,,,,national,in_force,,,2026-01-16,EN,"Reporting requirements for gas pipelines (incidents, annual).",
USA_FED_49CFR_192,49 CFR Part 192 — Transportation of Natural and Other Gas by Pipeline: Minimum Federal Safety Standards,regulation,pipeline_safety,"onshore,gas,construction,operations",country,,USA,,,,,U.S. Department of Transportation (PHMSA),eCFR: 49 CFR Part 192,https://www.ecfr.gov/current/title-49/subtitle-B/chapter-I/subchapter-D/part-192,regulator_site,,,,national,in_force,,,2026-01-16,EN,Core US federal minimum safety standards for gas pipelines.,
USA_FED_49CFR_193,49 CFR Part 193 — Liquefied Natural Gas Facilities: Federal Safety Standards,regulation,pipeline_safety,"onshore,gas,construction,operations",country,,USA,,,,,U.S. Department of Transportation (PHMSA),eCFR: 49 CFR Part 193,https://www.ecfr.gov/current/title-49/subtitle-B/chapter-I/subchapter-D/part-193,regulator_site,,,,national,in_force,,,2026-01-16,EN,Applies where LNG facilities are in scope.,
USA_FED_49CFR_195,49 CFR Part 195 — Transportation of Hazardous Liquids by Pipeline,regulation,pipeline_safety,"onshore,liquids,construction,operations",country,,USA,,,,,U.S. Department of Transportation (PHMSA),eCFR: 49 CFR Part 195,https://www.ecfr.gov/current/title-49/subtitle-B/chapter-I/subchapter-D/part-195,regulator_site,,,,national,in_force,,,2026-01-16,EN,Core US federal minimum safety standards for hazardous liquid pipelines.,
USA_FED_49CFR_199,49 CFR Part 199 — Drug and Alcohol Testing,regulation,osh,"onshore,operations",country,,USA,,,,,U.S. Department of Transportation (PHMSA),eCFR: 49 CFR Part 199,https://www.ecfr.gov/current/title-49/subtitle-B/chapter-I/subchapter-D/part-199,regulator_site,,,,national,in_force,,,2026-01-16,EN,Drug and alcohol testing requirements for pipeline operators.,
USA_FERC_NATURAL_GAS_CERTIFICATE,"FERC — Natural Gas (certificates, permitting, compliance)",portal,land_access,"onshore,gas,construction",country,,USA,,,,,Federal Energy Regulatory Commission (FERC),FERC Natural Gas,https://www.ferc.gov/natural-gas,regulator_site,,,,national,in_force,,,2026-01-16,EN,Primary federal portal for interstate natural gas pipeline certification (NGA) and compliance.,
USA_USACE_REGULATORY_PROGRAM,USACE — Regulatory Program (Section 404/10 permits and related guidance),portal,water_crossings,"onshore,construction",country,,USA,,,,,U.S. Army Corps of Engineers,USACE Regulatory Program,https://www.usace.army.mil/Missions/Civil-Works/Regulatory-Program-and-Permits/,regulator_site,,,,national,in_force,,,2026-01-16,EN,Federal portal for permits affecting water/wetlands crossings and navigable waters.,
USA_PHMSA_STATE_PROGRAMS,PHMSA — State Pipeline Safety Program contacts and participation,portal,pipeline_safety,"onshore,gas,liquids,operations",country,,USA,,,,,U.S. Department of Transportation (PHMSA),PHMSA State Pipeline Safety Programs,https://www.phmsa.dot.gov/about-phmsa/working-phmsa/state-programs,regulator_site,,,,national,in_force,,,2026-01-16,EN,Starting point for state-level pipeline safety program participation and contacts.,
CAN_FED_SOR_99_294,Onshore Pipeline Regulations (SOR/99-294),regulation,pipeline_safety,"onshore,construction,operations",country,,CAN,,,,,Government of Canada (Justice Laws),Justice Laws: SOR/99-294,https://laws-lois.justice.gc.ca/eng/regulations/SOR-99-294/,legislation_portal,https://laws-lois.justice.gc.ca/PDF/SOR-99-294.pdf,SOR-99-294.pdf,application/pdf,national,in_force,1999-06-10,,2026-01-16,EN,Core federal safety regulation for onshore pipelines under federal jurisdiction.,
CAN_FED_IMPACT_ASSESSMENT_ACT_I_2_75,Impact Assessment Act (I-2.75),law,environmental_assessment,"onshore,offshore,construction",country,,CAN,,,,,Government of Canada (Justice Laws),Justice Laws: Impact Assessment Act,https://laws-lois.justice.gc.ca/eng/acts/I-2.75/,legislation_portal,https://laws-lois.justice.gc.ca/PDF/I-2.75.pdf,I-2.75.pdf,application/pdf,national,in_force,2019-08-28,,2026-01-16,EN,Federal impact assessment framework; may trigger IA for major pipeline projects under federal jurisdiction.,
CAN_FED_FISHERIES_ACT_F_14,Fisheries Act (F-14),law,water_crossings,"onshore,construction,operations",country,,CAN,,,,,Government of Canada (Justice Laws),Justice Laws: Fisheries Act,https://laws-lois.justice.gc.ca/eng/acts/F-14/,legislation_portal,https://laws-lois.justice.gc.ca/PDF/F-14.pdf,F-14.pdf,application/pdf,national,in_force,,,2026-01-16,EN,"Fish and fish habitat protections can drive crossing method, timing windows, and authorizations.",
CAN_FED_SPECIES_AT_RISK_ACT_S_15_3,Species at Risk Act (S-15.3),law,protected_areas,"onshore,construction,operations",country,,CAN,,,,,Government of Canada (Justice Laws),Justice Laws: Species at Risk Act,https://laws-lois.justice.gc.ca/eng/acts/S-15.3/,legislation_portal,https://laws-lois.justice.gc.ca/PDF/S-15.3.pdf,S-15.3.pdf,application/pdf,national,in_force,2002-06-05,,2026-01-16,EN,Species protections and critical habitat can constrain routing and timing.,
CAN_FED_CEPA_1999_C_15_31,"Canadian Environmental Protection Act, 1999 (C-15.31)",law,other,"onshore,construction,operations",country,,CAN,,,,,Government of Canada (Justice Laws),Justice Laws: CEPA 1999,https://laws-lois.justice.gc.ca/eng/acts/C-15.31/,legislation_portal,https://laws-lois.justice.gc.ca/PDF/C-15.31.pdf,C-15.31.pdf,application/pdf,national,in_force,1999-09-14,,2026-01-16,EN,Cross-cutting federal environmental protection framework; can affect approvals and compliance programs.,
CAN_FED_CANADIAN_NAVIGABLE_WATERS_ACT_N_22,Canadian Navigable Waters Act (N-22),law,water_crossings,"onshore,construction",country,,CAN,,,,,Government of Canada (Justice Laws),Justice Laws: Canadian Navigable Waters Act,https://laws-lois.justice.gc.ca/eng/acts/N-22/,legislation_portal,https://laws-lois.justice.gc.ca/PDF/N-22.pdf,N-22.pdf,application/pdf,national,in_force,,,2026-01-16,EN,Permitting and protections for works affecting navigable waters; relevant for river crossings and crossings methodology.,
CAN_FED_MIGRATORY_BIRDS_ACT_M_7_01,"Migratory Birds Convention Act, 1994 (M-7.01)",law,protected_areas,"onshore,construction",country,,CAN,,,,,Government of Canada (Justice Laws),"Justice Laws: Migratory Birds Convention Act, 1994",https://laws-lois.justice.gc.ca/eng/acts/M-7.01/,legislation_portal,https://laws-lois.justice.gc.ca/PDF/M-7.01.pdf,M-7.01.pdf,application/pdf,national,in_force,1994-06-16,,2026-01-16,EN,Wildlife protection law that can impose constraints/seasonal timing for construction and habitat disturbance.,
CAN_JUSTICE_LAWS_PORTAL,Justice Laws Website (Acts and Regulations) — Official consolidated legislation portal,portal,other,"onshore,offshore,construction,operations",country,,CAN,,,,,Government of Canada (Department of Justice),Justice Laws Website,https://laws-lois.justice.gc.ca/eng/,legislation_portal,,,,national,in_force,,,2026-01-16,EN,Use to locate consolidated Acts/Regulations and official PDFs for indexing.,
CAN_ADM1_ALBERTA_LEGISLATION_PORTAL,Alberta: King's Printer (Laws and Regulations portal),portal,other,"onshore,construction,operations",admin1,,CAN,Alberta,CA-AB,,,Government of Alberta,King's Printer (Alberta),https://kings-printer.alberta.ca/,legislation_portal,,,,regional,in_force,,,2026-01-16,EN,"Admin1 portal for Alberta statutes/regulations (EA, water, land access, etc.).",
CAN_ADM1_BRITISH_COLUMBIA_LEGISLATION_PORTAL,British Columbia: BC Laws (statutes and regulations),portal,other,"onshore,construction,operations",admin1,,CAN,British Columbia,CA-BC,,,Government of British Columbia,BC Laws,https://www.bclaws.gov.bc.ca/,legislation_portal,,,,regional,in_force,,,2026-01-16,EN,"Admin1 portal for BC statutes/regulations (EA, water, protected areas, etc.).",
CAN_ADM1_MANITOBA_LEGISLATION_PORTAL,Manitoba: Laws of Manitoba (statutes and regulations),portal,other,"onshore,construction,operations",admin1,,CAN,Manitoba,CA-MB,,,Government of Manitoba,Laws of Manitoba,https://web2.gov.mb.ca/laws/,legislation_portal,,,,regional,in_force,,,2026-01-16,EN,Admin1 portal for Manitoba statutes/regulations.,
CAN_ADM1_NEW_BRUNSWICK_LEGISLATION_PORTAL,New Brunswick: Acts and Regulations (laws.gnb.ca),portal,other,"onshore,construction,operations",admin1,,CAN,New Brunswick,CA-NB,,,Government of New Brunswick,Laws of New Brunswick,https://laws.gnb.ca/,legislation_portal,,,,regional,in_force,,,2026-01-16,EN,Admin1 portal for New Brunswick statutes/regulations.,
CAN_ADM1_NEWFOUNDLAND_LABRADOR_LEGISLATION_PORTAL,Newfoundland and Labrador: Consolidated statutes and regulations,portal,other,"onshore,construction,operations",admin1,,CAN,Newfoundland and Labrador,CA-NL,,,Government of Newfoundland and Labrador,NL Legislation,https://www.assembly.nl.ca/Legislation/sr/,legislation_portal,,,,regional,in_force,,,2026-01-16,EN,Admin1 portal for NL statutes/regulations.,
CAN_ADM1_NOVA_SCOTIA_LEGISLATION_PORTAL,Nova Scotia: Statutes and Regulations (NS Legislature),portal,other,"onshore,construction,operations",admin1,,CAN,Nova Scotia,CA-NS,,,Government of Nova Scotia,NS Legislature - Statutes and Regulations,https://nslegislature.ca/legc/,legislation_portal,,,,regional,in_force,,,2026-01-16,EN,Admin1 portal for Nova Scotia statutes/regulations.,
CAN_ADM1_ONTARIO_LEGISLATION_PORTAL,Ontario: e-Laws (statutes and regulations),portal,other,"onshore,construction,operations",admin1,,CAN,Ontario,CA-ON,,,Government of Ontario,Ontario e-Laws,https://www.ontario.ca/laws,legislation_portal,,,,regional,in_force,,,2026-01-16,EN,Admin1 portal for Ontario statutes/regulations.,
CAN_ADM1_PRINCE_EDWARD_ISLAND_LEGISLATION_PORTAL,Prince Edward Island: Legislation (Acts and regulations),portal,other,"onshore,construction,operations",admin1,,CAN,Prince Edward Island,CA-PE,,,Government of Prince Edward Island,PEI Legislation,https://www.princeedwardisland.ca/en/legislation,legislation_portal,,,,regional,in_force,,,2026-01-16,EN,Admin1 portal for PEI statutes/regulations.,
CAN_ADM1_QUEBEC_LEGISLATION_PORTAL,Québec: LégisQuébec (statutes and regulations),portal,other,"onshore,construction,operations",admin1,,CAN,Quebec,CA-QC,,,Gouvernement du Québec,LégisQuébec,https://www.legisquebec.gouv.qc.ca/,legislation_portal,,,,regional,in_force,,,2026-01-16,FR,Admin1 portal for Québec statutes/regulations.,
CAN_ADM1_SASKATCHEWAN_LEGISLATION_PORTAL,Saskatchewan: Publications Centre (legislation and regulations portal),portal,other,"onshore,construction,operations",admin1,,CAN,Saskatchewan,CA-SK,,,Government of Saskatchewan,Saskatchewan Publications Centre,https://publications.saskatchewan.ca/#/products,legislation_portal,,,,regional,in_force,,,2026-01-16,EN,Admin1 portal for Saskatchewan statutes/regulations.,
CAN_ADM1_NORTHWEST_TERRITORIES_LEGISLATION_PORTAL,Northwest Territories: Consolidated legislation portal,portal,other,"onshore,construction,operations",admin1,,CAN,Northwest Territories,CA-NT,,,Government of Northwest Territories,NWT Legislation,https://www.justice.gov.nt.ca/en/legislation/,legislation_portal,,,,regional,in_force,,,2026-01-16,EN,Admin1 portal for NWT statutes/regulations.,
CAN_ADM1_NUNAVUT_LEGISLATION_PORTAL,Nunavut: Consolidated legislation (nunavutlegislation.ca),portal,other,"onshore,construction,operations",admin1,,CAN,Nunavut,CA-NU,,,Government of Nunavut,Nunavut Legislation,https://www.nunavutlegislation.ca/en,legislation_portal,,,,regional,in_force,,,2026-01-16,EN,Admin1 portal for Nunavut statutes/regulations.,
CAN_ADM1_YUKON_LEGISLATION_PORTAL,Yukon: Legislation portal,portal,other,"onshore,construction,operations",admin1,,CAN,Yukon,CA-YT,,,Government of Yukon,Yukon Legislation,https://yukon.ca/en/legislation,legislation_portal,,,,regional,in_force,,,2026-01-16,EN,Admin1 portal for Yukon statutes/regulations.,
ARE_FED_UAE_LEGISLATION_PORTAL,United Arab Emirates: UAE Legislation portal (federal legislation),portal,other,"onshore,offshore,construction,operations",country,,ARE,,,,,Government of the United Arab Emirates,UAE Legislation,https://uaelegislation.gov.ae/en/,legislation_portal,,,,national,in_force,,,2026-01-16,AR,Primary portal for federal laws and regulations (official sources).,
ARE_FED_MOCCAE_PORTAL,"UAE Ministry of Climate Change and Environment (MOCCAE) — environment policies, permitting, and guidance",portal,environmental_assessment,"onshore,offshore,construction",country,,ARE,,,,,Ministry of Climate Change and Environment (UAE),MOCCAE,https://www.moccae.gov.ae/en,regulator_site,,,,national,in_force,,,2026-01-16,AR,Starting point for federal environmental requirements and EIA guidance where published.,
ARE_ADM1_ABU_DHABI_EAD,Abu Dhabi: Environment Agency – Abu Dhabi (EAD) portal,portal,environmental_assessment,"onshore,offshore,construction",admin1,,ARE,Abu Dhabi,AE-AZ,,,Environment Agency – Abu Dhabi (EAD),EAD,https://www.ead.gov.ae/,regulator_site,,,,regional,in_force,,,2026-01-16,AR,Emirate-level environmental authority; relevant for EIA/permits in Abu Dhabi.,
ARE_ADM1_DUBAI_MUNICIPALITY,Dubai: Dubai Municipality (planning/environmental requirements portal),portal,environmental_assessment,"onshore,construction",admin1,,ARE,Dubai,AE-DU,,,Dubai Municipality,Dubai Municipality,https://www.dm.gov.ae/,regulator_site,,,,regional,in_force,,,2026-01-16,AR,Local/emirate-level requirements and permits for works in Dubai.,
ARE_ADM1_SHARJAH_GOV_PORTAL,Sharjah: Government portal (permits/regulations entry point),portal,other,"onshore,construction,operations",admin1,,ARE,Sharjah,AE-SH,,,Government of Sharjah,Sharjah Government,https://www.sharjah.gov.ae/,regulator_site,,,,regional,in_force,,,2026-01-16,AR,Emirate portal entry point for permits/regulations.,
ARE_ADM1_AJMAN_GOV_PORTAL,Ajman: Government portal (permits/regulations entry point),portal,other,"onshore,construction,operations",admin1,,ARE,Ajman,AE-AJ,,,Government of Ajman,Ajman Government,https://www.ajman.ae/,regulator_site,,,,regional,in_force,,,2026-01-16,AR,Emirate portal entry point for permits/regulations.,
ARE_ADM1_FUJAIRAH_GOV_PORTAL,Fujairah: Government portal (permits/regulations entry point),portal,other,"onshore,construction,operations",admin1,,ARE,Fujairah,AE-FU,,,Government of Fujairah,Fujairah Government,https://www.fujairah.ae/,regulator_site,,,,regional,in_force,,,2026-01-16,AR,Emirate portal entry point for permits/regulations.,
ARE_ADM1_RAS_AL_KHAIMAH_GOV_PORTAL,Ras Al Khaimah: Government portal (permits/regulations entry point),portal,other,"onshore,construction,operations",admin1,,ARE,Ras Al Khaimah,AE-RK,,,Government of Ras Al Khaimah,RAK Government,https://www.rak.ae/,regulator_site,,,,regional,in_force,,,2026-01-16,AR,Emirate portal entry point for permits/regulations.,
ARE_ADM1_UMM_AL_QUWAIN_GOV_PORTAL,Umm Al Quwain: Government portal (permits/regulations entry point),portal,other,"onshore,construction,operations",admin1,,ARE,Umm Al Quwain,AE-UQ,,,Government of Umm Al Quwain,UAQ Government,https://uaq.ae/,regulator_site,,,,regional,in_force,,,2026-01-16,AR,Emirate portal entry point for permits/regulations.,
AUT_LEGISLATION_PORTAL,Austria: RIS (Federal Law Information System),portal,other,"onshore,construction,operations",country,,AUT,,,,,Republic of Austria,RIS,https://www.ris.bka.gv.at/,legislation_portal,,,,national,in_force,,,2026-01-16,DE,Official portal for Austrian laws and regulations.,
BEL_LEGISLATION_PORTAL,Belgium: Belgian Official Gazette / Justel legislation portal,portal,other,"onshore,construction,operations",country,,BEL,,,,,Kingdom of Belgium,Justel / eJustice,https://www.ejustice.just.fgov.be/cgi_loi/loi_a.pl,official_gazette,,,,national,in_force,,,2026-01-16,FR,Official access point for Belgian legislation.,
BGR_LEGISLATION_PORTAL,Bulgaria: State Gazette / legislation portal (official entry point),portal,other,"onshore,construction,operations",country,,BGR,,,,,Republic of Bulgaria,State Gazette (official),https://dv.parliament.bg/,official_gazette,,,,national,in_force,,,2026-01-16,BG,Official gazette for Bulgarian legal acts.,
HRV_LEGISLATION_PORTAL,Croatia: Narodne novine (Official Gazette),portal,other,"onshore,construction,operations",country,,HRV,,,,,Republic of Croatia,Narodne novine,https://narodne-novine.nn.hr/,official_gazette,,,,national,in_force,,,2026-01-16,HR,Official gazette for Croatian legal acts.,
CYP_LEGISLATION_PORTAL,Cyprus: Cyprus legal information portal (official entry point),portal,other,"onshore,construction,operations",country,,CYP,,,,,Republic of Cyprus,Cyprus Law Portal,http://www.cylaw.org/,legislation_portal,,,,national,in_force,,,2026-01-16,EL,Primary public portal for Cyprus legislation.,
CZE_LEGISLATION_PORTAL,Czechia: Collection of Laws (official portal entry point),portal,other,"onshore,construction,operations",country,,CZE,,,,,Czech Republic,Zákony pro lidi (public) / official collection entry point,https://www.zakonyprolidi.cz/,other,,,,national,in_force,,,2026-01-16,CS,Note: widely used portal; validate official collection sources for binding texts.,
DNK_LEGISLATION_PORTAL,Denmark: Retsinformation (official legal information),portal,other,"onshore,construction,operations",country,,DNK,,,,,Kingdom of Denmark,Retsinformation,https://www.retsinformation.dk/,legislation_portal,,,,national,in_force,,,2026-01-16,DA,Official Danish legal information system.,
EST_LEGISLATION_PORTAL,Estonia: Riigi Teataja (State Gazette),portal,other,"onshore,construction,operations",country,,EST,,,,,Republic of Estonia,Riigi Teataja,https://www.riigiteataja.ee/en/,official_gazette,,,,national,in_force,,,2026-01-16,ET,Official gazette for Estonian legislation.,
FIN_LEGISLATION_PORTAL,Finland: Finlex (legal information),portal,other,"onshore,construction,operations",country,,FIN,,,,,Republic of Finland,Finlex,https://www.finlex.fi/en/,legislation_portal,,,,national,in_force,,,2026-01-16,FI,Official Finnish legal information system.,
FRA_LEGISLATION_PORTAL,France: Légifrance (official legal portal),portal,other,"onshore,construction,operations",country,,FRA,,,,,French Republic,Légifrance,https://www.legifrance.gouv.fr/,legislation_portal,,,,national,in_force,,,2026-01-16,FR,"Official French legal portal for codes, laws, decrees.",
DEU_LEGISLATION_PORTAL,Germany: Gesetze im Internet (federal laws),portal,other,"onshore,construction,operations",country,,DEU,,,,,Federal Republic of Germany,Gesetze im Internet,https://www.gesetze-im-internet.de/,legislation_portal,,,,national,in_force,,,2026-01-16,DE,Official portal for German federal laws.,
GRC_LEGISLATION_PORTAL,Greece: National Printing House / Government Gazette portal,portal,other,"onshore,construction,operations",country,,GRC,,,,,Hellenic Republic,National Printing House,https://www.et.gr/,official_gazette,,,,national,in_force,,,2026-01-16,EL,Official gazette portal for Greek legal acts.,
HUN_LEGISLATION_PORTAL,Hungary: National Legislation Database (NJT),portal,other,"onshore,construction,operations",country,,HUN,,,,,Hungary,National Legislation Database (NJT),https://njt.hu/,legislation_portal,,,,national,in_force,,,2026-01-16,HU,Primary portal for Hungarian legislation.,
IRL_LEGISLATION_PORTAL,Ireland: Irish Statute Book,portal,other,"onshore,construction,operations",country,,IRL,,,,,Ireland,Irish Statute Book,https://www.irishstatutebook.ie/,legislation_portal,,,,national,in_force,,,2026-01-16,EN,Official repository of Irish legislation.,
ITA_LEGISLATION_PORTAL,Italy: Normattiva (official legislation portal),portal,other,"onshore,construction,operations",country,,ITA,,,,,Italian Republic,Normattiva,https://www.normattiva.it/,legislation_portal,,,,national,in_force,,,2026-01-16,IT,Official portal for Italian legislation.,
LVA_LEGISLATION_PORTAL,Latvia: Likumi.lv (legal information portal),portal,other,"onshore,construction,operations",country,,LVA,,,,,Republic of Latvia,Likumi.lv,https://likumi.lv/,legislation_portal,,,,national,in_force,,,2026-01-16,LV,Primary portal for Latvian legislation.,
LTU_LEGISLATION_PORTAL,Lithuania: Seimas legal acts search (official portal entry point),portal,other,"onshore,construction,operations",country,,LTU,,,,,Republic of Lithuania,Seimas Legal Acts,https://e-seimas.lrs.lt/portal/legalActSearch/en,legislation_portal,,,,national,in_force,,,2026-01-16,LT,Official portal for Lithuanian legal acts.,
LUX_LEGISLATION_PORTAL,Luxembourg: Legilux (official legal portal),portal,other,"onshore,construction,operations",country,,LUX,,,,,Grand Duchy of Luxembourg,Legilux,https://legilux.public.lu/,legislation_portal,,,,national,in_force,,,2026-01-16,FR,Official portal for Luxembourg legislation.,
MLT_LEGISLATION_PORTAL,Malta: Legislation Malta (official legal portal),portal,other,"onshore,construction,operations",country,,MLT,,,,,Republic of Malta,Legislation Malta,https://legislation.mt/,legislation_portal,,,,national,in_force,,,2026-01-16,EN,Official portal for Maltese legislation.,
NLD_LEGISLATION_PORTAL,Netherlands: Wetten.nl / Overheid.nl laws portal,portal,other,"onshore,construction,operations",country,,NLD,,,,,Kingdom of the Netherlands,Wetten.nl,https://wetten.overheid.nl/,legislation_portal,,,,national,in_force,,,2026-01-16,NL,Official portal for Dutch laws and regulations.,
POL_LEGISLATION_PORTAL,Poland: ISAP (Sejm) legal acts database,portal,other,"onshore,construction,operations",country,,POL,,,,,Republic of Poland,ISAP (Sejm),https://isap.sejm.gov.pl/,legislation_portal,,,,national,in_force,,,2026-01-16,PL,Official portal for Polish legal acts.,
PRT_LEGISLATION_PORTAL,Portugal: Diário da República Electrónico (DRE),portal,other,"onshore,construction,operations",country,,PRT,,,,,Portuguese Republic,Diário da República (DRE),https://dre.pt/,official_gazette,,,,national,in_force,,,2026-01-16,PT,Official gazette for Portuguese legal acts.,
ROU_LEGISLATION_PORTAL,Romania: National legislation portal (official entry point),portal,other,"onshore,construction,operations",country,,ROU,,,,,Romania,Legislație (official),http://legislatie.just.ro/,legislation_portal,,,,national,in_force,,,2026-01-16,RO,Public portal for Romanian legal acts.,
SVK_LEGISLATION_PORTAL,Slovakia: Slov-Lex (official legal portal),portal,other,"onshore,construction,operations",country,,SVK,,,,,Slovak Republic,Slov-Lex,https://www.slov-lex.sk/,legislation_portal,,,,national,in_force,,,2026-01-16,SK,Official portal for Slovak legislation.,
SVN_LEGISLATION_PORTAL,Slovenia: PISRS (legal information system),portal,other,"onshore,construction,operations",country,,SVN,,,,,Republic of Slovenia,PISRS,http://www.pisrs.si/,legislation_portal,,,,national,in_force,,,2026-01-16,SL,Portal for Slovenian legal acts (verify binding publication source as needed).,
ESP_LEGISLATION_PORTAL,Spain: Boletín Oficial del Estado (BOE),portal,other,"onshore,construction,operations",country,,ESP,,,,,Kingdom of Spain,BOE,https://www.boe.es/,official_gazette,,,,national,in_force,,,2026-01-16,ES,Official gazette for Spanish legal acts.,
SWE_LEGISLATION_PORTAL,Sweden: Riksdagen laws and legal information portal,portal,other,"onshore,construction,operations",country,,SWE,,,,,Kingdom of Sweden,Riksdagen - Laws and regulations,https://www.riksdagen.se/sv/dokument-och-lagar/,legislation_portal,,,,national,in_force,,,2026-01-16,SV,Official parliamentary portal for Swedish legal documents.,

USA_NEPA,National Environmental Policy Act (NEPA) — 42 U.S.C. §4321 et seq.,law,environmental_assessment,"onshore,offshore,construction",country,,USA,,,,,U.S. Congress; implemented by federal agencies,GovInfo: 42 U.S.C. §4321 (NEPA) (USCODE),https://www.govinfo.gov/link/uscode/42/4321,legislation_portal,https://www.govinfo.gov/content/pkg/USCODE-2023-title42/pdf/USCODE-2023-title42-chap55-sec4321.pdf,USCODE_42_4321_NEPA.pdf,application/pdf,national,in_force,1970-01-01,,2026-01-16,EN,Procedural statute requiring EA or EIS for major federal actions with significant environmental impacts.,"USA_FERC_NGA_SECTION7,USA_CWA_404,USA_CWA_401,USA_ESA_SECTION7,USA_NHPA_SECTION106"
USA_FERC_NGA_SECTION7,Natural Gas Act — Section 7 (15 U.S.C. §717f) (FERC certificate authority),law,land_access,"onshore,gas,construction",country,,USA,,,,,U.S. Congress; administered by FERC,GovInfo: 15 U.S.C. §717f (USCODE),https://www.govinfo.gov/link/uscode/15/717f,legislation_portal,https://www.govinfo.gov/content/pkg/USCODE-2024-title15/pdf/USCODE-2024-title15-chap15B-sec717f.pdf,USCODE_15_717f_NGA_Section7.pdf,application/pdf,national,in_force,1938-06-21,,2026-01-16,EN,Authorizes FERC Certificates of Public Convenience and Necessity for interstate natural gas pipelines and LNG.,"USA_NEPA,USA_CWA_404,USA_CWA_401,USA_ESA_SECTION7,USA_NHPA_SECTION106,USA_FERC_NATURAL_GAS_CERTIFICATE"
USA_CWA_404,Clean Water Act — Section 404 (33 U.S.C. §1344) (dredge/fill permits),law,water_crossings,"onshore,construction",country,,USA,,,,,U.S. Army Corps of Engineers (USACE) and EPA (33 U.S.C. §1344),GovInfo: 33 U.S.C. §1344 (USCODE),https://www.govinfo.gov/link/uscode/33/1344,legislation_portal,https://www.govinfo.gov/content/pkg/USCODE-2023-title33/pdf/USCODE-2023-title33-chap26-subchapIV-sec1344.pdf,USCODE_33_1344_CWA_404.pdf,application/pdf,national,in_force,1972-10-18,,2026-01-16,EN,Core federal dredge and fill permitting authority for wetlands and water crossings.,"USA_CWA_401,USA_NEPA,USA_ESA_SECTION7,USA_USACE_REGULATORY_PROGRAM"
USA_CWA_401,Clean Water Act — Section 401 (33 U.S.C. §1341) (water quality certification),law,water_crossings,"onshore,construction",country,,USA,,,,,States and tribes under EPA oversight (33 U.S.C. §1341),GovInfo: 33 U.S.C. §1341 (USCODE),https://www.govinfo.gov/link/uscode/33/1341,legislation_portal,https://www.govinfo.gov/content/pkg/USCODE-2023-title33/pdf/USCODE-2023-title33-chap26-subchapIV-sec1341.pdf,USCODE_33_1341_CWA_401.pdf,application/pdf,national,in_force,1972-10-18,,2026-01-16,EN,Requires state or tribal certification for federally permitted discharges and crossings and may impose conditions or denial.,"USA_CWA_404,USA_USACE_REGULATORY_PROGRAM"
USA_ESA_SECTION7,Endangered Species Act — Section 7 (16 U.S.C. §1536) (interagency consultation),law,protected_areas,"onshore,offshore,construction",country,,USA,,,,,USFWS and NOAA Fisheries (16 U.S.C. §1536),GovInfo: 16 U.S.C. §1536 (USCODE),https://www.govinfo.gov/link/uscode/16/1536,legislation_portal,https://www.govinfo.gov/content/pkg/USCODE-2024-title16/pdf/USCODE-2024-title16-chap35-sec1536.pdf,USCODE_16_1536_ESA_Section7.pdf,application/pdf,national,in_force,1973-12-28,,2026-01-16,EN,Requires consultation if a federally permitted pipeline may affect listed species or designated critical habitat.,"USA_NEPA,USA_FERC_NGA_SECTION7,USA_CWA_404"
USA_NHPA_SECTION106,National Historic Preservation Act — Section 106 (54 U.S.C. §306108) (historic property review),law,cultural_heritage,"onshore,construction",country,,USA,,,,,Federal agencies with ACHP and SHPO or THPO consultation (54 U.S.C. §306108),GovInfo: 54 U.S.C. §306108 (USCODE),https://www.govinfo.gov/link/uscode/54/306108,legislation_portal,https://www.govinfo.gov/content/pkg/USCODE-2023-title54/pdf/USCODE-2023-title54-subtitleIII-divsnA-app-dup4-chap3061-subchapI-sec306108.pdf,USCODE_54_306108_NHPA_Section106.pdf,application/pdf,national,in_force,1966-10-15,,2026-01-16,EN,Requires historic property effects review for federally permitted pipelines and associated facilities.,"USA_NEPA,USA_FERC_NGA_SECTION7,USA_CWA_404"
USA_CA_CEQA,California Environmental Quality Act (CEQA) — CEQA Guidelines (Title 14 CCR Chapter 3),regulation,environmental_assessment,"onshore,construction",admin1,,USA,California,US-CA,,,State of California; CEQA lead agencies (incl. CPUC),LCI: CEQA Guidelines,https://lci.ca.gov/ceqa/guidelines/,regulator_site,https://resources.ca.gov/CNRALegacyFiles/ceqa/docs/2018_CEQA_FINAL_TEXT_122818.pdf,CA_CEQA_Guidelines_2018_Final_Text.pdf,application/pdf,regional,in_force,2018-12-28,,2026-01-16,EN,California CEQA implementing guidelines governing environmental review (EIR/ND/MND) and mitigation; frequently litigated and often more stringent than NEPA.,
USA_TX_TAC_16_CH8,Texas Administrative Code — Title 16 Part 1 Chapter 8 (Pipeline Safety Rules),regulation,pipeline_safety,"onshore,operations",admin1,,USA,Texas,US-TX,,,Railroad Commission of Texas (RRC),Texas Secretary of State: TAC Title 16 Chapter 8,https://texreg.sos.state.tx.us/public/readtac$ext.ViewTAC?tac_view=4&ti=16&pt=1&ch=8,legislation_portal,https://www.rrc.texas.gov/media/ul1jn0pz/chapter8-all-text-and-figures-effective-sept13-2021.pdf,Texas_TAC_Title16_Chapter8_Pipeline_Safety.pdf,application/pdf,regional,in_force,2021-09-13,,2026-01-16,EN,Intrastate pipeline safety rules administered by the Texas RRC and aligned with federal standards by reference.,"USA_FED_49CFR_192,USA_FED_49CFR_195"

CAN_FED_CER_ACT_C_15_1,Canadian Energy Regulator Act (C-15.1),law,pipeline_safety,"onshore,offshore,construction,operations",country,,CAN,,,,,Government of Canada; Canada Energy Regulator (CER),Justice Laws Website: Canadian Energy Regulator Act (C-15.1),https://laws-lois.justice.gc.ca/eng/acts/C-15.1/,legislation_portal,https://laws-lois.justice.gc.ca/PDF/C-15.1.pdf,C-15.1_Canadian_Energy_Regulator_Act.pdf,application/pdf,national,in_force,2019-06-21,,2026-01-16,EN,Enabling statute for CER regulating interprovincial and international pipelines and CER oversight powers.,"CAN_FED_SOR_99_294,CAN_FED_SOR_88_528,CAN_FED_IMPACT_ASSESSMENT_ACT_I_2_75"
CAN_FED_SOR_88_528,Pipeline Crossing Regulations (SOR/88-528),regulation,pipeline_safety,"onshore,construction,operations",country,,CAN,,,,,Government of Canada; Canada Energy Regulator (CER),Justice Laws Website: Pipeline Crossing Regulations (SOR/88-528),https://laws-lois.justice.gc.ca/eng/regulations/SOR-88-528/,legislation_portal,https://laws-lois.justice.gc.ca/PDF/SOR-88-528.pdf,SOR-88-528_Pipeline_Crossing_Regulations.pdf,application/pdf,national,in_force,1988-10-18,,2026-01-16,EN,Rules for crossings and ground disturbance near federally regulated pipelines including consent and safe work practices.,CAN_FED_CER_ACT_C_15_1
CAN_ADM1_AB_AER_DIR_056,AER Directive 056: Energy Development Applications and Schedules,guidance,land_access,"onshore,construction",admin1,,CAN,Alberta,CA-AB,,,Alberta Energy Regulator (AER),AER Directive 056,https://www.aer.ca/regulations-and-compliance-enforcement/rules-and-regulations/directives/directive-056,regulator_site,https://static.aer.ca/prd/documents/directives/directive-056.pdf,AER_Directive_056.pdf,application/pdf,regional,in_force,2025-02-07,,2026-01-16,EN,Core applications manual for Alberta energy development approvals including consultation and technical schedules for OneStop submissions.,CAN_ADM1_ALBERTA_LEGISLATION_PORTAL
CAN_ADM1_ON_OEB_ENV_GUIDELINES,OEB Environmental Guidelines for Hydrocarbon Pipelines and Facilities (7th Edition 2016),guidance,environmental_assessment,"onshore,construction",admin1,,CAN,Ontario,CA-ON,,,Ontario Energy Board (OEB),Ontario Energy Board: Environmental Guidelines for Hydrocarbon Pipelines,https://www.oeb.ca/documents/english/regulatory/rules/other/environmental-guidelines-hydrocarbon-pipelines,regulator_site,https://www.oeb.ca/oeb/_Documents/Regulatory/Enviro_Guidelines_HydrocarbonPipelines_2016.pdf,OEB_Env_Guidelines_Hydrocarbon_Pipelines_2016.pdf,application/pdf,regional,in_force,2016-01-01,,2026-01-16,EN,Guidance used for leave to construct applications and environmental review expectations for hydrocarbon pipelines in Ontario.,CAN_ADM1_ONTARIO_LEGISLATION_PORTAL

ARE_FED_ENV_LAW_24_1999,UAE Federal Law No. 24 of 1999 Concerning the Protection and Development of the Environment,law,environmental_assessment,"onshore,offshore,construction,operations",country,,ARE,,,,,Ministry of Climate Change and Environment (MOCCAE),UAE Legislation: Federal Law No. 24 of 1999,https://uaelegislation.gov.ae/en/legislations/1146,legislation_portal,https://moccae.gov.ae/assets/download/788830bc/L24-99%20Eng.pdf.aspx,UAE_Federal_Law_24_1999_Environment.pdf,application/pdf,national,in_force,1999-10-17,,2026-01-16,EN,Federal environmental framework establishing EIA and environmental licensing requirements for projects.,"ARE_FED_UAE_LEGISLATION_PORTAL,ARE_FED_MOCCAE_PORTAL,ARE_ADM1_ABU_DHABI_EAD"
ARE_ADM1_ABU_DHABI_EIA_GUIDANCE,Technical Guidance Document for Environmental Impact Assessment (EIA) (TR-524),guidance,environmental_assessment,"onshore,offshore,construction",admin1,,ARE,Abu Dhabi,AE-AZ,,,Environment Agency – Abu Dhabi (EAD),Abu Dhabi: Technical Guidance Document for Environmental Impact Assessment (EIA) (TR-524),https://jawdah.qcc.abudhabi.ae/en/Registration/QCCServices/Services/STD/ISGL/ISGL-LIST/TR-524.pdf,regulator_site,https://jawdah.qcc.abudhabi.ae/en/Registration/QCCServices/Services/STD/ISGL/ISGL-LIST/TR-524.pdf,Abu_Dhabi_EIA_Technical_Guidance_TR-524.pdf,application/pdf,regional,in_force,,,2026-01-16,EN,Abu Dhabi guidance describing EIA process and report requirements (including TOR and submission expectations) used for environmental licensing.,"ARE_FED_ENV_LAW_24_1999,ARE_ADM1_ABU_DHABI_EAD"
ARE_ADM1_ABU_DHABI_TG21_SELF_MONITORING_REPORTING,Technical Guidance Document on Environmental Self Monitoring and Reporting (EAD-EQ-EAP-TG-21),guidance,reporting,"onshore,offshore,operations",admin1,,ARE,Abu Dhabi,AE-AZ,,,Environment Agency – Abu Dhabi (EAD),EAD Technical Guidance Document on Environmental Self Monitoring and Reporting (TG-21),https://www.ead.gov.ae/-/media/Project/EAD/EAD/Join-the-Moment/EAD-EQ-EAP-TG-21-SRP-TGD_0524_01.pdf,regulator_site,https://www.ead.gov.ae/-/media/Project/EAD/EAD/Join-the-Moment/EAD-EQ-EAP-TG-21-SRP-TGD_0524_01.pdf,EAD_TG-21_Environmental_Self_Monitoring_and_Reporting.pdf,application/pdf,regional,in_force,2024-05-30,,2026-01-16,EN,Operational reporting guidance for environmental self-monitoring and reporting obligations in Abu Dhabi.,ARE_ADM1_ABU_DHABI_EAD

DEU_ROHRFLTGV_2002,Rohrfernleitungsverordnung (RohrFLtgV) — Regulation on long-distance pipelines,regulation,pipeline_safety,"onshore,construction,operations",country,,DEU,,,,,Federal Republic of Germany,Gesetze im Internet: Rohrfernleitungsverordnung (RohrFLtgV),https://www.gesetze-im-internet.de/rohrfltgv/,legislation_portal,https://www.gesetze-im-internet.de/rohrfltgv/,DEU_RohrFLtgV.html,text/html,national,in_force,2002-09-27,2020-06-19,2026-01-16,DE,Germany pipeline safety regulation for high-pressure pipeline installations requiring plan approval and expert testing prior to commissioning.,DEU_LEGISLATION_PORTAL
FRA_ARRETE_CANALISATIONS_2006,Arrêté du 4 août 2006 portant règlement de la sécurité des canalisations de transport,order,pipeline_safety,"onshore,construction,operations",country,,FRA,,,,,French Republic,Légifrance: Arrêté du 4 août 2006 (sécurité des canalisations de transport),https://www.legifrance.gouv.fr/loda/id/JORFTEXT000000457394,official_gazette,https://www.legifrance.gouv.fr/loda/id/JORFTEXT000000457394,FRA_Arrete_2006_Canalisations_Transport.html,text/html,national,in_force,2006-08-04,2020-07-03,2026-01-16,FR,France pipeline transport safety order setting requirements for design operation and safety management for gas and hydrocarbon pipelines.,FRA_LEGISLATION_PORTAL
